{
  "build": "openblas",
  "build_number": 0,
  "channel": "https://conda.anaconda.org/conda-forge/win-64",
  "constrains": [],
  "depends": [
    "openblas"
  ],
  "extracted_package_dir": "C:\\Users\\Mou\\anaconda3\\pkgs\\blas-1.1-openblas",
  "features": "",
  "files": [
    ".nonadmin"
  ],
  "fn": "blas-1.1-openblas.tar.bz2",
  "license": "BSD 3-clause",
  "link": {
    "source": "C:\\Users\\Mou\\anaconda3\\pkgs\\blas-1.1-openblas",
    "type": 1
  },
  "md5": "0740240c503739831d3861d8750708c3",
  "name": "blas",
  "package_tarball_full_path": "C:\\Users\\Mou\\anaconda3\\pkgs\\blas-1.1-openblas.tar.bz2",
  "paths_data": {
    "paths": [],
    "paths_version": 1
  },
  "requested_spec": "blas[build=openblas]",
  "sha256": "a283e906ff31ff0a5a72fd1d6a5c275cd6a0af29fbc3d5a30653cc98e04a0912",
  "size": 1385,
  "subdir": "win-64",
  "track_features": "blas_openblas",
  "url": "https://conda.anaconda.org/conda-forge/win-64/blas-1.1-openblas.tar.bz2",
  "version": "1.1"
}