{
  "build": "h79bbb47_0",
  "build_number": 0,
  "channel": "https://repo.anaconda.com/pkgs/main/win-64",
  "constrains": [],
  "depends": [
    "vc 14.*",
    "zlib >=1.2.11,<1.3.0a0"
  ],
  "extracted_package_dir": "C:\\Users\\Mou\\anaconda3\\pkgs\\libpng-1.6.34-h79bbb47_0",
  "features": "",
  "files": [
    "Library/bin/libpng16.dll",
    "Library/bin/png-fix-itxt.exe",
    "Library/bin/pngfix.exe",
    "Library/include/libpng16/png.h",
    "Library/include/libpng16/pngconf.h",
    "Library/include/libpng16/pnglibconf.h",
    "Library/include/png.h",
    "Library/include/pngconf.h",
    "Library/include/pnglibconf.h",
    "Library/lib/libpng.lib",
    "Library/lib/libpng/libpng16-release.cmake",
    "Library/lib/libpng/libpng16.cmake",
    "Library/lib/libpng16.lib",
    "Library/lib/libpng16_static.lib",
    "Library/lib/libpng_static.lib",
    "Library/share/man/man3/libpng.3",
    "Library/share/man/man3/libpngpf.3",
    "Library/share/man/man5/png.5",
    ".nonadmin"
  ],
  "fn": "libpng-1.6.34-h79bbb47_0.conda",
  "legacy_bz2_md5": "f5b785b8a4f59671e55106bc9035830a",
  "legacy_bz2_size": 1397773,
  "license": "zlib/libpng",
  "link": {
    "source": "C:\\Users\\Mou\\anaconda3\\pkgs\\libpng-1.6.34-h79bbb47_0",
    "type": 1
  },
  "md5": "11d353bc772b6b31558744f1dfb39936",
  "name": "libpng",
  "package_tarball_full_path": "C:\\Users\\Mou\\anaconda3\\pkgs\\libpng-1.6.34-h79bbb47_0.conda",
  "paths_data": {
    "paths": [
      {
        "_path": "Library/bin/libpng16.dll",
        "path_type": "hardlink",
        "sha256": "2a5b9e66857d47c317802366df76fd35aa63f43764ba646dc7cca43998c8e04d",
        "sha256_in_prefix": "2a5b9e66857d47c317802366df76fd35aa63f43764ba646dc7cca43998c8e04d",
        "size_in_bytes": 232448
      },
      {
        "_path": "Library/bin/png-fix-itxt.exe",
        "path_type": "hardlink",
        "sha256": "c639378b35b891c81c165d9979c893f761eb027c5240460cac7c81977e600a93",
        "sha256_in_prefix": "c639378b35b891c81c165d9979c893f761eb027c5240460cac7c81977e600a93",
        "size_in_bytes": 11776
      },
      {
        "_path": "Library/bin/pngfix.exe",
        "path_type": "hardlink",
        "sha256": "d8b2e087b308b0857e5d275b4ccd6482873d82e62074914c2a7766ad547ed517",
        "sha256_in_prefix": "d8b2e087b308b0857e5d275b4ccd6482873d82e62074914c2a7766ad547ed517",
        "size_in_bytes": 48128
      },
      {
        "_path": "Library/include/libpng16/png.h",
        "path_type": "hardlink",
        "sha256": "0b995f94791f6174a023d8fdad4cac2858c091e1608edbbb04dcc581c579e893",
        "sha256_in_prefix": "0b995f94791f6174a023d8fdad4cac2858c091e1608edbbb04dcc581c579e893",
        "size_in_bytes": 144149
      },
      {
        "_path": "Library/include/libpng16/pngconf.h",
        "path_type": "hardlink",
        "sha256": "38941181f21b8920f0035cb9b70064ba9bd8328fb779e5ccce1055ed55e7dc08",
        "sha256_in_prefix": "38941181f21b8920f0035cb9b70064ba9bd8328fb779e5ccce1055ed55e7dc08",
        "size_in_bytes": 22845
      },
      {
        "_path": "Library/include/libpng16/pnglibconf.h",
        "path_type": "hardlink",
        "sha256": "3cf9c0bd412d43b8ccc7b46b8e6228c8e5a0bfe0372b2f8f8fbe735816278ade",
        "sha256_in_prefix": "3cf9c0bd412d43b8ccc7b46b8e6228c8e5a0bfe0372b2f8f8fbe735816278ade",
        "size_in_bytes": 7839
      },
      {
        "_path": "Library/include/png.h",
        "path_type": "hardlink",
        "sha256": "0b995f94791f6174a023d8fdad4cac2858c091e1608edbbb04dcc581c579e893",
        "sha256_in_prefix": "0b995f94791f6174a023d8fdad4cac2858c091e1608edbbb04dcc581c579e893",
        "size_in_bytes": 144149
      },
      {
        "_path": "Library/include/pngconf.h",
        "path_type": "hardlink",
        "sha256": "38941181f21b8920f0035cb9b70064ba9bd8328fb779e5ccce1055ed55e7dc08",
        "sha256_in_prefix": "38941181f21b8920f0035cb9b70064ba9bd8328fb779e5ccce1055ed55e7dc08",
        "size_in_bytes": 22845
      },
      {
        "_path": "Library/include/pnglibconf.h",
        "path_type": "hardlink",
        "sha256": "3cf9c0bd412d43b8ccc7b46b8e6228c8e5a0bfe0372b2f8f8fbe735816278ade",
        "sha256_in_prefix": "3cf9c0bd412d43b8ccc7b46b8e6228c8e5a0bfe0372b2f8f8fbe735816278ade",
        "size_in_bytes": 7839
      },
      {
        "_path": "Library/lib/libpng.lib",
        "path_type": "hardlink",
        "sha256": "39d10f9009f21f980c5fd1fd70715e251889ced37e92163e3a15bb323a0eb7e3",
        "sha256_in_prefix": "39d10f9009f21f980c5fd1fd70715e251889ced37e92163e3a15bb323a0eb7e3",
        "size_in_bytes": 55894
      },
      {
        "_path": "Library/lib/libpng/libpng16-release.cmake",
        "path_type": "hardlink",
        "sha256": "1f7ec4879b09cda114df2731f6e5db3155ce2015ab5ea4c7769ba94ab4beca8b",
        "sha256_in_prefix": "1f7ec4879b09cda114df2731f6e5db3155ce2015ab5ea4c7769ba94ab4beca8b",
        "size_in_bytes": 1304
      },
      {
        "_path": "Library/lib/libpng/libpng16.cmake",
        "file_mode": "text",
        "path_type": "hardlink",
        "prefix_placeholder": "C:\\\\ci\\\\libpng_1516740697009\\\\_h_env",
        "sha256": "fd6efffb3001313480c6bea399c686a7dad4c8c40930e43614b2c01246391d0b",
        "sha256_in_prefix": "f534df9298e6ec31831f96765680c36a6520ae31087c6d8e144dbc546e57434d",
        "size_in_bytes": 3630
      },
      {
        "_path": "Library/lib/libpng16.lib",
        "path_type": "hardlink",
        "sha256": "39d10f9009f21f980c5fd1fd70715e251889ced37e92163e3a15bb323a0eb7e3",
        "sha256_in_prefix": "39d10f9009f21f980c5fd1fd70715e251889ced37e92163e3a15bb323a0eb7e3",
        "size_in_bytes": 55894
      },
      {
        "_path": "Library/lib/libpng16_static.lib",
        "path_type": "hardlink",
        "sha256": "38a357309e35dd39d8be9c623a5c9e94905ffc252b3c9cc45950279ceb42d6fc",
        "sha256_in_prefix": "38a357309e35dd39d8be9c623a5c9e94905ffc252b3c9cc45950279ceb42d6fc",
        "size_in_bytes": 3557222
      },
      {
        "_path": "Library/lib/libpng_static.lib",
        "path_type": "hardlink",
        "sha256": "38a357309e35dd39d8be9c623a5c9e94905ffc252b3c9cc45950279ceb42d6fc",
        "sha256_in_prefix": "38a357309e35dd39d8be9c623a5c9e94905ffc252b3c9cc45950279ceb42d6fc",
        "size_in_bytes": 3557222
      },
      {
        "_path": "Library/share/man/man3/libpng.3",
        "path_type": "hardlink",
        "sha256": "84301d728abd0d162563cb29dce27ba8f613bbc861b341f4f6241a55033826dc",
        "sha256_in_prefix": "84301d728abd0d162563cb29dce27ba8f613bbc861b341f4f6241a55033826dc",
        "size_in_bytes": 273812
      },
      {
        "_path": "Library/share/man/man3/libpngpf.3",
        "path_type": "hardlink",
        "sha256": "ba927789043db21a7f344010b817de33c97ef45c1936f8e953b9fffe50ffefab",
        "sha256_in_prefix": "ba927789043db21a7f344010b817de33c97ef45c1936f8e953b9fffe50ffefab",
        "size_in_bytes": 796
      },
      {
        "_path": "Library/share/man/man5/png.5",
        "path_type": "hardlink",
        "sha256": "9b9074fbb085b80731ebb8e168eb881eee0fe63cd5897cdd631f75cdd27faff6",
        "sha256_in_prefix": "9b9074fbb085b80731ebb8e168eb881eee0fe63cd5897cdd631f75cdd27faff6",
        "size_in_bytes": 2431
      }
    ],
    "paths_version": 1
  },
  "requested_spec": "None",
  "sha256": "24c790ad883f67fd081621b9c7171c84052f73cc558ec5477e5ab03ce8ee95e9",
  "size": 539136,
  "subdir": "win-64",
  "timestamp": 1516740849824,
  "track_features": "",
  "url": "https://repo.anaconda.com/pkgs/main/win-64/libpng-1.6.34-h79bbb47_0.conda",
  "version": "1.6.34"
}