{
  "build": "0",
  "build_number": 0,
  "channel": "https://conda.anaconda.org/conda-forge/noarch",
  "constrains": [],
  "depends": [],
  "extracted_package_dir": "C:\\Users\\Mou\\anaconda3\\pkgs\\llvm-meta-5.0.0-0",
  "features": "",
  "files": [
    ".nonadmin"
  ],
  "fn": "llvm-meta-5.0.0-0.tar.bz2",
  "license": "BSD-3-Clause",
  "license_family": "BSD",
  "link": {
    "source": "C:\\Users\\Mou\\anaconda3\\pkgs\\llvm-meta-5.0.0-0",
    "type": 1
  },
  "md5": "213b5b5ad34008147a824460e50a691c",
  "name": "llvm-meta",
  "noarch": "generic",
  "package_tarball_full_path": "C:\\Users\\Mou\\anaconda3\\pkgs\\llvm-meta-5.0.0-0.tar.bz2",
  "package_type": "noarch_generic",
  "paths_data": {
    "paths": [],
    "paths_version": 1
  },
  "requested_spec": "None",
  "sha256": "090bbeacc3297ff579b53f55ad184f05c30e316fe9d5d7df63df1d2ad4578b79",
  "size": 2667,
  "subdir": "noarch",
  "track_features": "",
  "url": "https://conda.anaconda.org/conda-forge/noarch/llvm-meta-5.0.0-0.tar.bz2",
  "version": "5.0.0"
}