{
  "build": "py35h40b0b35_0",
  "build_number": 0,
  "channel": "https://repo.anaconda.com/pkgs/main/win-64",
  "constrains": [],
  "depends": [
    "hdf5 >=1.8.20,<1.9.0a0",
    "py-opencv 3.4.2 py35hc319ecb_0",
    "python >=3.5,<3.6.0a0"
  ],
  "extracted_package_dir": "C:\\Users\\Mou\\anaconda3\\pkgs\\opencv-3.4.2-py35h40b0b35_0",
  "features": "",
  "files": [
    ".nonadmin"
  ],
  "fn": "opencv-3.4.2-py35h40b0b35_0.conda",
  "legacy_bz2_md5": "a17d39832a8bf9e9af60abef8b6ea6a2",
  "legacy_bz2_size": 10212,
  "license": "BSD 3-clause",
  "license_family": "BSD",
  "link": {
    "source": "C:\\Users\\Mou\\anaconda3\\pkgs\\opencv-3.4.2-py35h40b0b35_0",
    "type": 1
  },
  "md5": "0ed664a72c17c92b88b6d5358ff169ec",
  "name": "opencv",
  "package_tarball_full_path": "C:\\Users\\Mou\\anaconda3\\pkgs\\opencv-3.4.2-py35h40b0b35_0.conda",
  "paths_data": {
    "paths": [],
    "paths_version": 1
  },
  "requested_spec": "opencv",
  "sha256": "57dfa5ecf75a0a27e5798c026c6d3e5bce7f892a498918110bac0f0c8760b4f6",
  "size": 10214,
  "subdir": "win-64",
  "timestamp": 1534383758463,
  "track_features": "",
  "url": "https://repo.anaconda.com/pkgs/main/win-64/opencv-3.4.2-py35h40b0b35_0.conda",
  "version": "3.4.2"
}