{
  "build": "vc14_8",
  "build_number": 8,
  "channel": "https://conda.anaconda.org/conda-forge/win-64",
  "constrains": [],
  "depends": [
    "libflang",
    "vc 14",
    "libflang <6.0.0.a0"
  ],
  "extracted_package_dir": "C:\\Users\\Mou\\anaconda3\\pkgs\\openblas-0.2.20-vc14_8",
  "features": "",
  "files": [
    "Library/bin/openblas.dll",
    "Library/include/cblas.h",
    "Library/include/f77blas.h",
    "Library/include/lapacke.h",
    "Library/include/lapacke_config.h",
    "Library/include/lapacke_example_aux.h",
    "Library/include/lapacke_mangling.h",
    "Library/include/lapacke_utils.h",
    "Library/include/openblas_config.h",
    "Library/lib/openblas.lib",
    "Library/lib/pkgconfig/openblas.pc",
    ".nonadmin"
  ],
  "fn": "openblas-0.2.20-vc14_8.tar.bz2",
  "license": "BSD 3-Clause",
  "link": {
    "source": "C:\\Users\\Mou\\anaconda3\\pkgs\\openblas-0.2.20-vc14_8",
    "type": 1
  },
  "md5": "21e3e415d7b2876121f75187bc6a0960",
  "name": "openblas",
  "package_tarball_full_path": "C:\\Users\\Mou\\anaconda3\\pkgs\\openblas-0.2.20-vc14_8.tar.bz2",
  "paths_data": {
    "paths": [
      {
        "_path": "Library/bin/openblas.dll",
        "path_type": "hardlink",
        "sha256": "0ad7df84761142697007e15d08db53db1da2fa8c60586e6f9e37ab42d48b09ed",
        "sha256_in_prefix": "0ad7df84761142697007e15d08db53db1da2fa8c60586e6f9e37ab42d48b09ed",
        "size_in_bytes": 31797760
      },
      {
        "_path": "Library/include/cblas.h",
        "path_type": "hardlink",
        "sha256": "e1ec0797a370c15dd477465acfa3a399f7d0b92515c3bc193cb74c5c7e7b69e1",
        "sha256_in_prefix": "e1ec0797a370c15dd477465acfa3a399f7d0b92515c3bc193cb74c5c7e7b69e1",
        "size_in_bytes": 46012
      },
      {
        "_path": "Library/include/f77blas.h",
        "path_type": "hardlink",
        "sha256": "0bb2d3702522c96350a8e1b2449aa8e1375360fac9f48314d7a0dbb463f6b922",
        "sha256_in_prefix": "0bb2d3702522c96350a8e1b2449aa8e1375360fac9f48314d7a0dbb463f6b922",
        "size_in_bytes": 48128
      },
      {
        "_path": "Library/include/lapacke.h",
        "path_type": "hardlink",
        "sha256": "86bee6396fed3f96380744d973c06ac11d478a725fadf90d32d36dde2eaa01b5",
        "sha256_in_prefix": "86bee6396fed3f96380744d973c06ac11d478a725fadf90d32d36dde2eaa01b5",
        "size_in_bytes": 1245655
      },
      {
        "_path": "Library/include/lapacke_config.h",
        "path_type": "hardlink",
        "sha256": "2ff1975925f93c62dfce5a9ae6aa76d40dbc3b5beb3567fbf8d7f357bfb7fa2e",
        "sha256_in_prefix": "2ff1975925f93c62dfce5a9ae6aa76d40dbc3b5beb3567fbf8d7f357bfb7fa2e",
        "size_in_bytes": 4236
      },
      {
        "_path": "Library/include/lapacke_example_aux.h",
        "path_type": "hardlink",
        "sha256": "d5e4a95f6d07d0ee73a51b95ae08c1346bdf4a13f81d420b4e3b6d4f05fac599",
        "sha256_in_prefix": "d5e4a95f6d07d0ee73a51b95ae08c1346bdf4a13f81d420b4e3b6d4f05fac599",
        "size_in_bytes": 359
      },
      {
        "_path": "Library/include/lapacke_mangling.h",
        "path_type": "hardlink",
        "sha256": "7d71fdee53a1e0cd01568aba2f152f2e1e4fbb849e84d740e3b031e819fbfa22",
        "sha256_in_prefix": "7d71fdee53a1e0cd01568aba2f152f2e1e4fbb849e84d740e3b031e819fbfa22",
        "size_in_bytes": 474
      },
      {
        "_path": "Library/include/lapacke_utils.h",
        "path_type": "hardlink",
        "sha256": "c78943d31c047cc66ffe2e317e46f9aeeca6343723c4b7045c1bc7b49b7205b9",
        "sha256_in_prefix": "c78943d31c047cc66ffe2e317e46f9aeeca6343723c4b7045c1bc7b49b7205b9",
        "size_in_bytes": 33161
      },
      {
        "_path": "Library/include/openblas_config.h",
        "path_type": "hardlink",
        "sha256": "354e223ba8823836b2d5c116b4be760985ed05a4fdfa9ed2aedd5758bc325b3b",
        "sha256_in_prefix": "354e223ba8823836b2d5c116b4be760985ed05a4fdfa9ed2aedd5758bc325b3b",
        "size_in_bytes": 5134
      },
      {
        "_path": "Library/lib/openblas.lib",
        "path_type": "hardlink",
        "sha256": "d47df63dec365ae71531da02d73b29ed6176dc6b8b91e3608154aa1b402e29f9",
        "sha256_in_prefix": "d47df63dec365ae71531da02d73b29ed6176dc6b8b91e3608154aa1b402e29f9",
        "size_in_bytes": 1552500
      },
      {
        "_path": "Library/lib/pkgconfig/openblas.pc",
        "file_mode": "text",
        "path_type": "hardlink",
        "prefix_placeholder": "C:/bld/openblas_1527323920491/_b_env",
        "sha256": "3937a0e610e7a7843ec4ef1764a51afc7f0196e3307e18868f25acbfc7932795",
        "sha256_in_prefix": "308e33e6140d54bde4e68c00231ecbcd17e515448fa20b29f20ad0c441623700",
        "size_in_bytes": 335
      }
    ],
    "paths_version": 1
  },
  "requested_spec": "None",
  "sha256": "74bb55bcc4c5b760a08424ed7a53d08ff9581278bb05441f7f6e5f43aadcf8ca",
  "size": 6016111,
  "subdir": "win-64",
  "track_features": "",
  "url": "https://conda.anaconda.org/conda-forge/win-64/openblas-0.2.20-vc14_8.tar.bz2",
  "version": "0.2.20"
}