{
  "build": "h8395fce_2",
  "build_number": 2,
  "channel": "https://repo.anaconda.com/pkgs/main/win-64",
  "constrains": [],
  "depends": [
    "vc 14.*"
  ],
  "extracted_package_dir": "C:\\Users\\Mou\\anaconda3\\pkgs\\zlib-1.2.11-h8395fce_2",
  "features": "",
  "files": [
    "Library/bin/zlib.dll",
    "Library/include/zconf.h",
    "Library/include/zlib.h",
    "Library/lib/z.lib",
    "Library/lib/zdll.lib",
    "Library/lib/zlib.lib",
    "Library/lib/zlibstatic.lib",
    "Library/share/man/man3/zlib.3",
    "Library/share/pkgconfig/zlib.pc",
    ".nonadmin"
  ],
  "fn": "zlib-1.2.11-h8395fce_2.conda",
  "legacy_bz2_md5": "5297203903169bf15a91bf308baa24e1",
  "legacy_bz2_size": 243074,
  "license": "zlib",
  "license_family": "Other",
  "link": {
    "source": "C:\\Users\\Mou\\anaconda3\\pkgs\\zlib-1.2.11-h8395fce_2",
    "type": 1
  },
  "md5": "d715d586e03d658b8169d1d66bc88865",
  "name": "zlib",
  "package_tarball_full_path": "C:\\Users\\Mou\\anaconda3\\pkgs\\zlib-1.2.11-h8395fce_2.conda",
  "paths_data": {
    "paths": [
      {
        "_path": "Library/bin/zlib.dll",
        "path_type": "hardlink",
        "sha256": "d0a02b497ebcc549f91d760d3ba6ea9224a3b28457b844a631c03c86199988cc",
        "sha256_in_prefix": "d0a02b497ebcc549f91d760d3ba6ea9224a3b28457b844a631c03c86199988cc",
        "size_in_bytes": 90112
      },
      {
        "_path": "Library/include/zconf.h",
        "path_type": "hardlink",
        "sha256": "7f4e7f02c4c1b7ef830a8b4331e1ba04f34e97f2c0dcdd81f967ff16fd5ee6d0",
        "sha256_in_prefix": "7f4e7f02c4c1b7ef830a8b4331e1ba04f34e97f2c0dcdd81f967ff16fd5ee6d0",
        "size_in_bytes": 16885
      },
      {
        "_path": "Library/include/zlib.h",
        "path_type": "hardlink",
        "sha256": "4ddc82b4af931ab55f44d977bde81bfbc4151b5dcdccc03142831a301b5ec3c8",
        "sha256_in_prefix": "4ddc82b4af931ab55f44d977bde81bfbc4151b5dcdccc03142831a301b5ec3c8",
        "size_in_bytes": 96239
      },
      {
        "_path": "Library/lib/z.lib",
        "path_type": "hardlink",
        "sha256": "3343cc3a6ce9894b08cd39ca8a2745972828fd8b860748215599bce12b07f538",
        "sha256_in_prefix": "3343cc3a6ce9894b08cd39ca8a2745972828fd8b860748215599bce12b07f538",
        "size_in_bytes": 16228
      },
      {
        "_path": "Library/lib/zdll.lib",
        "path_type": "hardlink",
        "sha256": "3343cc3a6ce9894b08cd39ca8a2745972828fd8b860748215599bce12b07f538",
        "sha256_in_prefix": "3343cc3a6ce9894b08cd39ca8a2745972828fd8b860748215599bce12b07f538",
        "size_in_bytes": 16228
      },
      {
        "_path": "Library/lib/zlib.lib",
        "path_type": "hardlink",
        "sha256": "3343cc3a6ce9894b08cd39ca8a2745972828fd8b860748215599bce12b07f538",
        "sha256_in_prefix": "3343cc3a6ce9894b08cd39ca8a2745972828fd8b860748215599bce12b07f538",
        "size_in_bytes": 16228
      },
      {
        "_path": "Library/lib/zlibstatic.lib",
        "path_type": "hardlink",
        "sha256": "9a88ef6865f980e4b55dc69959409902cbb379a1be943af256b5b651087c745a",
        "sha256_in_prefix": "9a88ef6865f980e4b55dc69959409902cbb379a1be943af256b5b651087c745a",
        "size_in_bytes": 830804
      },
      {
        "_path": "Library/share/man/man3/zlib.3",
        "path_type": "hardlink",
        "sha256": "5abef003e545566e5599e5ab2e7528e978be59d54546b19d763d062f7a69bac7",
        "sha256_in_prefix": "5abef003e545566e5599e5ab2e7528e978be59d54546b19d763d062f7a69bac7",
        "size_in_bytes": 4477
      },
      {
        "_path": "Library/share/pkgconfig/zlib.pc",
        "file_mode": "text",
        "path_type": "hardlink",
        "prefix_placeholder": "C:/ci/zlib_1510091686901/_h_env",
        "sha256": "acd444c4c7696e753257a73ec7a554919ed0635e3a86a4b19d017267c5465c20",
        "sha256_in_prefix": "87ef1330afc10f4a606809334527912faa6b1138117b3757204fd0f5571f7f8b",
        "size_in_bytes": 420
      }
    ],
    "paths_version": 1
  },
  "requested_spec": "None",
  "sha256": "37c41b5e7991c06b1d9e011c893083edd8dd26c7a4e207e7ab0d033774bd1bc9",
  "size": 195833,
  "subdir": "win-64",
  "timestamp": 1510091833094,
  "track_features": "",
  "url": "https://repo.anaconda.com/pkgs/main/win-64/zlib-1.2.11-h8395fce_2.conda",
  "version": "1.2.11"
}