{
  "build": "h6049295_2",
  "build_number": 2,
  "channel": "https://repo.anaconda.com/pkgs/main/win-64",
  "constrains": [],
  "depends": [],
  "extracted_package_dir": "C:\\Users\\Mou\\anaconda3\\pkgs\\icc_rt-2022.1.0-h6049295_2",
  "features": "",
  "files": [
    "Library/bin/1033/ifcore_msg.dll",
    "Library/bin/1033/irc_msg.dll",
    "Library/bin/1033/libmUI.dll",
    "Library/bin/cilkrts20.dll",
    "Library/bin/ifdlg100.dll",
    "Library/bin/libchkp.dll",
    "Library/bin/libicaf.dll",
    "Library/bin/libifcoremd.dll",
    "Library/bin/libifcorert.dll",
    "Library/bin/libifportmd.dll",
    "Library/bin/libirngmd.dll",
    "Library/bin/libmmd.dll",
    "Library/bin/svml_dispmd.dll",
    ".nonadmin"
  ],
  "fn": "icc_rt-2022.1.0-h6049295_2.conda",
  "legacy_bz2_md5": "582d2c1135a89da757a038de831e7f39",
  "legacy_bz2_size": 11086648,
  "license": "Intel proprietary",
  "link": {
    "source": "C:\\Users\\Mou\\anaconda3\\pkgs\\icc_rt-2022.1.0-h6049295_2",
    "type": 1
  },
  "md5": "4ea9e3682a5114c1ee3dc09bac898e8d",
  "name": "icc_rt",
  "package_tarball_full_path": "C:\\Users\\Mou\\anaconda3\\pkgs\\icc_rt-2022.1.0-h6049295_2.conda",
  "paths_data": {
    "paths": [
      {
        "_path": "Library/bin/1033/ifcore_msg.dll",
        "path_type": "hardlink",
        "sha256": "b13c2dc22a888d606ccdf26edc36686bc55a2021e43cc78cde51480298ff48f2",
        "sha256_in_prefix": "b13c2dc22a888d606ccdf26edc36686bc55a2021e43cc78cde51480298ff48f2",
        "size_in_bytes": 67688
      },
      {
        "_path": "Library/bin/1033/irc_msg.dll",
        "path_type": "hardlink",
        "sha256": "afd07eb9651f020ffd0102fcec18d5f818193dc61a9cb6294de00a2875537065",
        "sha256_in_prefix": "afd07eb9651f020ffd0102fcec18d5f818193dc61a9cb6294de00a2875537065",
        "size_in_bytes": 19560
      },
      {
        "_path": "Library/bin/1033/libmUI.dll",
        "path_type": "hardlink",
        "sha256": "4ad288cd4e0bf3fdcd30a0199ce3ff7c48d7786cc9708d7498e40ad58bbf2ee7",
        "sha256_in_prefix": "4ad288cd4e0bf3fdcd30a0199ce3ff7c48d7786cc9708d7498e40ad58bbf2ee7",
        "size_in_bytes": 12904
      },
      {
        "_path": "Library/bin/cilkrts20.dll",
        "path_type": "hardlink",
        "sha256": "d49dec9229ad9a64736fcb04d4c4601854748acad8382b74af04502f4486bb8b",
        "sha256_in_prefix": "d49dec9229ad9a64736fcb04d4c4601854748acad8382b74af04502f4486bb8b",
        "size_in_bytes": 312688
      },
      {
        "_path": "Library/bin/ifdlg100.dll",
        "path_type": "hardlink",
        "sha256": "0d9adbabe4db596bd3e6aaa2a16c1b64c62cc337ff68fe23cdfcd37743e3525a",
        "sha256_in_prefix": "0d9adbabe4db596bd3e6aaa2a16c1b64c62cc337ff68fe23cdfcd37743e3525a",
        "size_in_bytes": 489064
      },
      {
        "_path": "Library/bin/libchkp.dll",
        "path_type": "hardlink",
        "sha256": "60f0dbb32fc1b04c3ae310bd79b9a7e1053c63459b17e4a163bdb55fb6d48eb4",
        "sha256_in_prefix": "60f0dbb32fc1b04c3ae310bd79b9a7e1053c63459b17e4a163bdb55fb6d48eb4",
        "size_in_bytes": 163432
      },
      {
        "_path": "Library/bin/libicaf.dll",
        "path_type": "hardlink",
        "sha256": "7ce16afc014d0fb49b2a7deb1d74323ce71668f96c5cebf7a005621fea2bb471",
        "sha256_in_prefix": "7ce16afc014d0fb49b2a7deb1d74323ce71668f96c5cebf7a005621fea2bb471",
        "size_in_bytes": 737384
      },
      {
        "_path": "Library/bin/libifcoremd.dll",
        "path_type": "hardlink",
        "sha256": "1590607e677148d9f226b0c532c23754e1a2b8a723dc610a4781043dd62aec73",
        "sha256_in_prefix": "1590607e677148d9f226b0c532c23754e1a2b8a723dc610a4781043dd62aec73",
        "size_in_bytes": 1863272
      },
      {
        "_path": "Library/bin/libifcorert.dll",
        "path_type": "hardlink",
        "sha256": "70fdc6b5d508f2206399d59801b186e3a5c4ddef314360904dc047c42bd33617",
        "sha256_in_prefix": "70fdc6b5d508f2206399d59801b186e3a5c4ddef314360904dc047c42bd33617",
        "size_in_bytes": 1854568
      },
      {
        "_path": "Library/bin/libifportmd.dll",
        "path_type": "hardlink",
        "sha256": "c352fd898198323fa5e5d9dfbf170055c2e4e068debb7fa38025385165fbf553",
        "sha256_in_prefix": "c352fd898198323fa5e5d9dfbf170055c2e4e068debb7fa38025385165fbf553",
        "size_in_bytes": 426088
      },
      {
        "_path": "Library/bin/libirngmd.dll",
        "path_type": "hardlink",
        "sha256": "acd633ad661d7a53c2362011487de27a6b11f508e298b60b8197beeefa744e5c",
        "sha256_in_prefix": "acd633ad661d7a53c2362011487de27a6b11f508e298b60b8197beeefa744e5c",
        "size_in_bytes": 1591400
      },
      {
        "_path": "Library/bin/libmmd.dll",
        "path_type": "hardlink",
        "sha256": "412d3b06ab9e656c27bd0147a05909e84ca8095901dd815e1321682decfc7586",
        "sha256_in_prefix": "412d3b06ab9e656c27bd0147a05909e84ca8095901dd815e1321682decfc7586",
        "size_in_bytes": 4535912
      },
      {
        "_path": "Library/bin/svml_dispmd.dll",
        "path_type": "hardlink",
        "sha256": "5a3ec0e5d2aef04b3277b73f3ca9e097d2f643f46e6cebd5fa06e9119d2ff4af",
        "sha256_in_prefix": "5a3ec0e5d2aef04b3277b73f3ca9e097d2f643f46e6cebd5fa06e9119d2ff4af",
        "size_in_bytes": 22138984
      }
    ],
    "paths_version": 1
  },
  "requested_spec": "None",
  "sha256": "9b2b6f2bc25c061c9a2ba16ef95f77ad330e8ad233a1134330aeed354c2bbe5c",
  "size": 6846362,
  "subdir": "win-64",
  "timestamp": 1664812389803,
  "track_features": "",
  "url": "https://repo.anaconda.com/pkgs/main/win-64/icc_rt-2022.1.0-h6049295_2.conda",
  "version": "2022.1.0"
}