{
  "build": "py35hc319ecb_0",
  "build_number": 0,
  "channel": "https://repo.anaconda.com/pkgs/main/win-64",
  "constrains": [],
  "depends": [
    "libopencv 3.4.2 h20b85fd_0",
    "numpy >=1.11.3,<2.0a0",
    "python >=3.5,<3.6.0a0",
    "vc 14.*"
  ],
  "extracted_package_dir": "C:\\Users\\Mou\\anaconda3\\pkgs\\py-opencv-3.4.2-py35hc319ecb_0",
  "features": "",
  "files": [
    "Lib/site-packages/cv2.cp35-win_amd64.pyd",
    ".nonadmin"
  ],
  "fn": "py-opencv-3.4.2-py35hc319ecb_0.conda",
  "legacy_bz2_md5": "1300cf0ba03a2e8a1a0bea54ea3adb1e",
  "legacy_bz2_size": 1577346,
  "license": "BSD 3-clause",
  "license_family": "BSD",
  "link": {
    "source": "C:\\Users\\Mou\\anaconda3\\pkgs\\py-opencv-3.4.2-py35hc319ecb_0",
    "type": 1
  },
  "md5": "012a1ca025e30c9999dcee62bc8a12c3",
  "name": "py-opencv",
  "package_tarball_full_path": "C:\\Users\\Mou\\anaconda3\\pkgs\\py-opencv-3.4.2-py35hc319ecb_0.conda",
  "paths_data": {
    "paths": [
      {
        "_path": "Lib/site-packages/cv2.cp35-win_amd64.pyd",
        "path_type": "hardlink",
        "sha256": "61648723d9c442b8668db7475a42faec169e274e3a755df2af02ccde432a6b22",
        "sha256_in_prefix": "61648723d9c442b8668db7475a42faec169e274e3a755df2af02ccde432a6b22",
        "size_in_bytes": 6440960
      }
    ],
    "paths_version": 1
  },
  "requested_spec": "None",
  "sha256": "da22e59f9c58eef5cccd0c0c5f1d6b5243b22bb5656e0f81a1a10c5fcc0d3ff3",
  "size": 1265962,
  "subdir": "win-64",
  "timestamp": 1534382713448,
  "track_features": "",
  "url": "https://repo.anaconda.com/pkgs/main/win-64/py-opencv-3.4.2-py35hc319ecb_0.conda",
  "version": "3.4.2"
}