{
  "build": "h21ff451_11",
  "build_number": 11,
  "channel": "https://repo.anaconda.com/pkgs/main/win-64",
  "constrains": [],
  "depends": [
    "vs2015_runtime >=14.0.25420"
  ],
  "extracted_package_dir": "C:\\Users\\Mou\\anaconda3\\pkgs\\vc-14-h21ff451_11",
  "features": "",
  "files": [
    ".nonadmin"
  ],
  "fn": "vc-14-h21ff451_11.conda",
  "legacy_bz2_md5": "a691d1626fcc464c1d71690d68220776",
  "legacy_bz2_size": 5438,
  "license": "Modified BSD License (3-clause)",
  "license_family": "BSD",
  "link": {
    "source": "C:\\Users\\Mou\\anaconda3\\pkgs\\vc-14-h21ff451_11",
    "type": 1
  },
  "md5": "78ca944cb943f91d4fa7335ba881dcb7",
  "name": "vc",
  "package_tarball_full_path": "C:\\Users\\Mou\\anaconda3\\pkgs\\vc-14-h21ff451_11.conda",
  "paths_data": {
    "paths": [],
    "paths_version": 1
  },
  "requested_spec": "None",
  "sha256": "fcb19315a82471e0ba274c9c53d3103e6694389104788b0f06940643b250a5b1",
  "size": 5702,
  "subdir": "win-64",
  "timestamp": 1560521937393,
  "track_features": "vc14",
  "url": "https://repo.anaconda.com/pkgs/main/win-64/vc-14-h21ff451_11.conda",
  "version": "14"
}